2025-05-28 16:51:07,39.449452941666664,-0.37334904533333335,29.168,5,59.679,134.625,0.00745
2025-05-28 16:51:08,39.449452470833336,-0.37334964616666666,29.08,5,60.4404,75.241,0.0047
2025-05-28 16:51:08,39.449452470833336,-0.37334964616666666,29.08,5,60.4404,75.241,0.0047
2025-05-28 16:51:09,39.44945155166667,-0.3733498125,29.0696,5,60.6638,19.502,0.00233
2025-05-28 16:51:09,39.44945155166667,-0.3733498125,29.0696,5,60.6638,19.502,0.00233
2025-05-28 16:51:10,39.449438914,-0.37334496533333333,25.9495,2,60.3441,29.534,0.00273
2025-05-28 16:51:10,39.449438914,-0.37334496533333333,25.9495,2,60.3441,29.534,0.00273
2025-05-28 16:51:11,39.44943963883333,-0.37334534766666666,26.0275,2,59.7685,329.518,0.00679
2025-05-28 16:51:11,39.44943963883333,-0.37334534766666666,26.0275,2,59.7685,329.518,0.00679
2025-05-28 16:51:12,39.44944078366667,-0.3733460623333333,26.1286,2,59.4031,309.33,0.01093
2025-05-28 16:51:12,39.44944078366667,-0.3733460623333333,26.1286,2,59.4031,309.33,0.01093
2025-05-28 16:51:13,39.44944080566667,-0.37334631216666664,26.1565,2,60.2604,348.075,0.01121
2025-05-28 16:51:13,39.44944080566667,-0.37334631216666664,26.1565,2,60.2604,348.075,0.01121
2025-05-28 16:51:14,39.44943912466667,-0.37334535966666665,26.0824,2,60.6211,322.286,0.00964
2025-05-28 16:51:14,39.44943912466667,-0.37334535966666665,26.0824,2,60.6211,322.286,0.00964
2025-05-28 16:51:15,39.449438433333334,-0.3733449851666667,26.0511,2,59.9607,338.717,0.01005
2025-05-28 16:51:15,39.449438433333334,-0.3733449851666667,26.0511,2,59.9607,338.717,0.01005
2025-05-28 16:51:16,39.4494381405,-0.373344844,26.0443,2,60.4098,345.198,0.01005
2025-05-28 16:51:16,39.4494381405,-0.373344844,26.0443,2,60.4098,345.198,0.01005
2025-05-28 16:51:17,39.449438179,-0.37334493083333337,26.052,2,60.9858,1.56,0.00802
2025-05-28 16:51:17,39.449438179,-0.37334493083333337,26.052,2,60.9858,1.56,0.00802
2025-05-28 16:51:18,39.449437948833335,-0.37334479200000004,26.0384,2,60.8511,0.986,0.00798
2025-05-28 16:51:18,39.449437948833335,-0.37334479200000004,26.0384,2,60.8511,0.986,0.00798
2025-05-28 16:51:19,39.449437784,-0.3733446948333333,26.0293,2,61.7435,60.151,0.00147
2025-05-28 16:51:19,39.449437784,-0.3733446948333333,26.0293,2,61.7435,60.151,0.00147
2025-05-28 16:51:20,39.449437735,-0.37334468216666666,26.029,2,60.129,79.223,0.00044
2025-05-28 16:51:20,39.449437735,-0.37334468216666666,26.029,2,60.129,79.223,0.00044
2025-05-28 16:51:21,39.449437593666666,-0.373344603,26.0214,2,60.2715,243.553,0.00101
2025-05-28 16:51:21,39.449437593666666,-0.373344603,26.0214,2,60.2715,243.553,0.00101
2025-05-28 16:51:22,39.449437482166665,-0.37334453733333334,26.0147,2,60.9979,336.547,0.00536
2025-05-28 16:51:22,39.449437482166665,-0.37334453733333334,26.0147,2,60.9979,336.547,0.00536
2025-05-28 16:51:23,39.449437454666665,-0.373344529,26.0096,2,59.6133,231.845,0.00683
2025-05-28 16:51:23,39.449437454666665,-0.373344529,26.0096,2,59.6133,231.845,0.00683
2025-05-28 16:51:24,39.449437441166666,-0.3733445246666667,26.0043,2,60.458,220.654,0.00825
2025-05-28 16:51:24,39.449437441166666,-0.3733445246666667,26.0043,2,60.458,220.654,0.00825
2025-05-28 16:51:25,39.44943756,-0.37334459150000004,26.001,2,60.3624,231.609,0.00907
2025-05-28 16:51:25,39.44943756,-0.37334459150000004,26.001,2,60.3624,231.609,0.00907
2025-05-28 16:51:26,39.44943786233333,-0.37334478083333333,26.0069,2,58.5543,234.161,0.00829
2025-05-28 16:51:26,39.44943786233333,-0.37334478083333333,26.0069,2,58.5543,234.161,0.00829
2025-05-28 16:51:27,39.449438222,-0.373344984,26.0099,2,59.1129,228.866,0.01014
2025-05-28 16:51:27,39.449438222,-0.373344984,26.0099,2,59.1129,228.866,0.01014
2025-05-28 16:51:28,39.44943857133333,-0.3733451625,26.0092,2,59.2908,237.252,0.00913
2025-05-28 16:51:28,39.44943857133333,-0.3733451625,26.0092,2,59.2908,237.252,0.00913
2025-05-28 16:51:29,39.449438974,-0.37334535083333337,26.0052,2,58.9336,222.486,0.01046
2025-05-28 16:51:29,39.449438974,-0.37334535083333337,26.0052,2,58.9336,222.486,0.01046
2025-05-28 16:51:30,39.44943910533333,-0.373345345,25.9829,2,59.5646,238.932,0.01189
2025-05-28 16:51:30,39.44943910533333,-0.373345345,25.9829,2,59.5646,238.932,0.01189
2025-05-28 16:51:31,39.449439662833335,-0.3733456371666667,25.9889,2,59.3991,239.542,0.01111
2025-05-28 16:51:31,39.449439662833335,-0.3733456371666667,25.9889,2,59.3991,239.542,0.01111
2025-05-28 16:51:32,39.44944009866666,-0.3733458396666667,25.9824,2,59.2581,236.54,0.0142
2025-05-28 16:51:32,39.44944009866666,-0.3733458396666667,25.9824,2,59.2581,236.54,0.0142
2025-05-28 16:51:33,39.44944037133333,-0.37334597666666663,25.9802,2,59.8707,246.426,0.01233
2025-05-28 16:51:33,39.44944037133333,-0.37334597666666663,25.9802,2,59.8707,246.426,0.01233
2025-05-28 16:51:34,39.4494406365,-0.3733461036666667,25.9777,2,59.0703,266.601,0.00575
2025-05-28 16:51:34,39.4494406365,-0.3733461036666667,25.9777,2,59.0703,266.601,0.00575
2025-05-28 16:51:35,39.44944088766667,-0.3733462283333333,25.9763,2,59.3431,320.756,0.00785
2025-05-28 16:51:35,39.44944088766667,-0.3733462283333333,25.9763,2,59.3431,320.756,0.00785
2025-05-28 16:51:36,39.449441160666666,-0.3733463643333333,25.9775,2,59.5521,29.79,0.00757
2025-05-28 16:51:36,39.449441160666666,-0.3733463643333333,25.9775,2,59.5521,29.79,0.00757
2025-05-28 16:51:37,39.449441413,-0.373346492,25.9786,2,59.2131,73.224,0.00638
2025-05-28 16:51:37,39.449441413,-0.373346492,25.9786,2,59.2131,73.224,0.00638
2025-05-28 16:51:38,39.4494417205,-0.37334665133333333,25.9834,2,60.7587,103.725,0.00809
2025-05-28 16:51:38,39.4494417205,-0.37334665133333333,25.9834,2,60.7587,103.725,0.00809
2025-05-28 16:51:39,39.449441964,-0.37334679516666663,25.9852,2,60.2769,177.43,0.01747
2025-05-28 16:51:39,39.449441964,-0.37334679516666663,25.9852,2,60.2769,177.43,0.01747
2025-05-28 16:51:40,39.44944235516667,-0.3733469893333333,25.9846,2,61.7687,137.855,0.02029
2025-05-28 16:51:40,39.44944235516667,-0.3733469893333333,25.9846,2,61.7687,137.855,0.02029
2025-05-28 16:51:41,39.449442725,-0.37334717433333336,25.9857,2,60.5922,106.488,0.01916
2025-05-28 16:51:41,39.449442725,-0.37334717433333336,25.9857,2,60.5922,106.488,0.01916
2025-05-28 16:51:42,39.4494430815,-0.3733473623333333,25.9899,2,61.246,101.887,0.01809
2025-05-28 16:51:42,39.4494430815,-0.3733473623333333,25.9899,2,61.246,101.887,0.01809
2025-05-28 16:51:43,39.449443426,-0.3733475565,25.9956,2,60.7643,121.951,0.01763
2025-05-28 16:51:43,39.449443426,-0.3733475565,25.9956,2,60.7643,121.951,0.01763
2025-05-28 16:51:44,39.4494436635,-0.373347676,25.9955,2,60.4077,104.424,0.01311
2025-05-28 16:51:44,39.4494436635,-0.373347676,25.9955,2,60.4077,104.424,0.01311
2025-05-28 16:51:45,39.44944389483334,-0.3733477896666667,25.9949,2,61.1611,77.053,0.01337
2025-05-28 16:51:45,39.44944389483334,-0.3733477896666667,25.9949,2,61.1611,77.053,0.01337
2025-05-28 16:51:46,39.449444111333335,-0.37334789133333335,25.9951,2,60.7389,63.515,0.01747
2025-05-28 16:51:46,39.449444111333335,-0.37334789133333335,25.9951,2,60.7389,63.515,0.01747
2025-05-28 16:51:47,39.44944430966667,-0.3733480083333333,25.9993,2,61.5327,55.137,0.01817
2025-05-28 16:51:47,39.44944430966667,-0.3733480083333333,25.9993,2,61.5327,55.137,0.01817
2025-05-28 16:51:48,39.44944445183334,-0.3733480868333333,25.9984,2,61.0912,11.196,0.02481
2025-05-28 16:51:48,39.44944445183334,-0.3733480868333333,25.9984,2,61.0912,11.196,0.02481
2025-05-28 16:51:49,39.44944459166667,-0.37334816233333334,25.997,2,61.4607,14.418,0.02614
2025-05-28 16:51:49,39.44944459166667,-0.37334816233333334,25.997,2,61.4607,14.418,0.02614
2025-05-28 16:51:50,39.449444722,-0.37334823316666665,25.9953,2,61.1487,10.667,0.02569
2025-05-28 16:51:50,39.449444722,-0.37334823316666665,25.9953,2,61.1487,10.667,0.02569
2025-05-28 16:51:51,39.4494448325,-0.37334828350000004,25.9945,2,60.7399,26.359,0.0271
2025-05-28 16:51:51,39.4494448325,-0.37334828350000004,25.9945,2,60.7399,26.359,0.0271
2025-05-28 16:51:52,39.4494449305,-0.3733483361666667,25.9939,2,60.831,18.224,0.02076
2025-05-28 16:51:52,39.4494449305,-0.3733483361666667,25.9939,2,60.831,18.224,0.02076
2025-05-28 16:51:53,39.449445022333336,-0.3733483871666667,25.9938,2,62.4545,11.177,0.02098
2025-05-28 16:51:53,39.449445022333336,-0.3733483871666667,25.9938,2,62.4545,11.177,0.02098
2025-05-28 16:51:54,39.4494519645,-0.3733543575,28.5672,5,59.4062,10.881,0.01536
2025-05-28 16:51:54,39.4494519645,-0.3733543575,28.5672,5,59.4062,10.881,0.01536
2025-05-28 16:51:55,39.44945134383333,-0.3733537,28.4782,5,59.259,25.444,0.01167
2025-05-28 16:51:55,39.44945134383333,-0.3733537,28.4782,5,59.259,25.444,0.01167
2025-05-28 16:51:56,39.44945097116667,-0.37335304399999997,28.3849,5,60.783,15.25,0.01486
2025-05-28 16:51:56,39.44945097116667,-0.37335304399999997,28.3849,5,60.783,15.25,0.01486
2025-05-28 16:51:57,39.449450420666665,-0.37335239216666666,28.2673,5,60.3365,355.344,0.01552
2025-05-28 16:51:57,39.449450420666665,-0.37335239216666666,28.2673,5,60.3365,355.344,0.01552
2025-05-28 16:51:58,39.44945020116667,-0.37335159,28.1425,5,60.47,329.272,0.01766
2025-05-28 16:51:58,39.44945020116667,-0.37335159,28.1425,5,60.47,329.272,0.01766
2025-05-28 16:51:59,39.449450032,-0.37335116199999996,28.0556,5,59.3612,333.88,0.01741
2025-05-28 16:51:59,39.449450032,-0.37335116199999996,28.0556,5,59.3612,333.88,0.01741
2025-05-28 16:52:00,39.449449993,-0.3733508446666667,27.9615,5,58.8363,341.178,0.01752
2025-05-28 16:52:00,39.449449993,-0.3733508446666667,27.9615,5,58.8363,341.178,0.01752
2025-05-28 16:52:01,39.449449556666664,-0.373350336,27.8866,5,59.738,331.862,0.02269
2025-05-28 16:52:01,39.449449556666664,-0.373350336,27.8866,5,59.738,331.862,0.02269
2025-05-28 16:52:02,39.44944929383333,-0.3733495575,27.8017,5,58.8305,354.225,0.01744
2025-05-28 16:52:02,39.44944929383333,-0.3733495575,27.8017,5,58.8305,354.225,0.01744
2025-05-28 16:52:03,39.44944914766667,-0.3733491688333333,27.7469,5,59.9401,0.453,0.01745
2025-05-28 16:52:03,39.44944914766667,-0.3733491688333333,27.7469,5,59.9401,0.453,0.01745
2025-05-28 16:52:04,39.44944904683334,-0.37334861133333336,27.6863,5,60.2137,351.555,0.01781
2025-05-28 16:52:04,39.44944904683334,-0.37334861133333336,27.6863,5,60.2137,351.555,0.01781
2025-05-28 16:52:05,39.4494489805,-0.3733483376666667,27.6379,5,59.5514,355.756,0.01341
2025-05-28 16:52:05,39.4494489805,-0.3733483376666667,27.6379,5,59.5514,355.756,0.01341
2025-05-28 16:52:06,39.449448503166664,-0.373348149,27.5921,5,59.9308,352.915,0.01354
2025-05-28 16:52:06,39.449448503166664,-0.373348149,27.5921,5,59.9308,352.915,0.01354
2025-05-28 16:52:07,39.4494483495,-0.373347903,27.5495,5,58.9966,341.951,0.0114
2025-05-28 16:52:07,39.4494483495,-0.373347903,27.5495,5,58.9966,341.951,0.0114
2025-05-28 16:52:08,39.449447741,-0.3733474313333333,27.4534,5,59.7507,353.208,0.01023
2025-05-28 16:52:08,39.449447741,-0.3733474313333333,27.4534,5,59.7507,353.208,0.01023
2025-05-28 16:52:09,39.4494475825,-0.37334735583333334,27.4304,5,59.8576,11.343,0.01639
2025-05-28 16:52:09,39.4494475825,-0.37334735583333334,27.4304,5,59.8576,11.343,0.01639
2025-05-28 16:52:10,39.4494473315,-0.37334709499999996,27.3848,5,59.95,27.996,0.01199
2025-05-28 16:52:10,39.4494473315,-0.37334709499999996,27.3848,5,59.95,27.996,0.01199
2025-05-28 16:52:11,39.449447023333335,-0.3733469781666667,27.3496,5,59.5173,18.825,0.01274
2025-05-28 16:52:11,39.449447023333335,-0.3733469781666667,27.3496,5,59.5173,18.825,0.01274
2025-05-28 16:52:12,39.4494466105,-0.37334658083333333,27.2828,5,59.3105,28.189,0.0142
2025-05-28 16:52:12,39.4494466105,-0.37334658083333333,27.2828,5,59.3105,28.189,0.0142
2025-05-28 16:52:13,39.449446324,-0.37334654733333333,27.2625,5,59.6579,232.446,0.01484
2025-05-28 16:52:13,39.449446324,-0.37334654733333333,27.2625,5,59.6579,232.446,0.01484
2025-05-28 16:52:14,39.44944599833333,-0.37334636200000004,27.1869,5,60.3744,219.358,0.00506
2025-05-28 16:52:14,39.44944599833333,-0.37334636200000004,27.1869,5,60.3744,219.358,0.00506
2025-05-28 16:52:15,39.44944566633333,-0.37334633833333336,27.1502,5,59.9639,321.04,0.00587
2025-05-28 16:52:15,39.44944566633333,-0.37334633833333336,27.1502,5,59.9639,321.04,0.00587
2025-05-28 16:52:16,39.44944543983333,-0.37334662983333333,27.1501,5,58.9345,291.589,0.01131
2025-05-28 16:52:16,39.44944543983333,-0.37334662983333333,27.1501,5,58.9345,291.589,0.01131
2025-05-28 16:52:17,39.44944490933333,-0.3733460258333333,27.0687,5,60.4126,253.41,0.01432
2025-05-28 16:52:17,39.44944490933333,-0.3733460258333333,27.0687,5,60.4126,253.41,0.01432
2025-05-28 16:52:18,39.44944460683333,-0.37334591333333333,27.045,5,59.8073,280.891,0.00988
2025-05-28 16:52:18,39.44944460683333,-0.37334591333333333,27.045,5,59.8073,280.891,0.00988
2025-05-28 16:52:19,39.44944443316667,-0.3733462728333333,27.0357,5,60.7412,314.864,0.01424
2025-05-28 16:52:19,39.44944443316667,-0.3733462728333333,27.0357,5,60.7412,314.864,0.01424
2025-05-28 16:52:20,39.44944415116667,-0.373346593,27.014,5,58.7607,302.531,0.01283
2025-05-28 16:52:20,39.44944415116667,-0.373346593,27.014,5,58.7607,302.531,0.01283
2025-05-28 16:52:21,39.449443968333334,-0.3733464288333333,26.9443,5,60.1045,298.472,0.00921
2025-05-28 16:52:22,39.449443968333334,-0.3733464288333333,26.9443,5,60.1045,298.472,0.00921
2025-05-28 16:52:22,39.44944380533333,-0.37334678983333336,26.9129,5,59.7525,331.173,0.00911
2025-05-28 16:52:23,39.44944380533333,-0.37334678983333336,26.9129,5,59.7525,331.173,0.00911
2025-05-28 16:52:23,39.449443536666664,-0.3733469781666667,26.8947,5,56.2714,352.475,0.00857
2025-05-28 16:52:24,39.449443536666664,-0.3733469781666667,26.8947,5,56.2714,352.475,0.00857
2025-05-28 16:52:24,39.449443425,-0.3733471656666667,26.8761,5,57.8821,351.978,0.01145
2025-05-28 16:52:25,39.449443425,-0.3733471656666667,26.8761,5,57.8821,351.978,0.01145
2025-05-28 16:52:25,39.449443244,-0.373347239,26.8396,5,58.4597,351.961,0.01094
2025-05-28 16:52:26,39.449443244,-0.373347239,26.8396,5,58.4597,351.961,0.01094
2025-05-28 16:52:26,39.44944328733333,-0.373347022,26.7888,5,57.0726,333.342,0.00495
2025-05-28 16:52:27,39.44944328733333,-0.373347022,26.7888,5,57.0726,333.342,0.00495
2025-05-28 16:52:27,39.449443446,-0.37334722583333335,26.7711,5,58.1931,272.426,0.0027
2025-05-28 16:52:28,39.449443446,-0.37334722583333335,26.7711,5,58.1931,272.426,0.0027
2025-05-28 16:52:28,39.44944348166667,-0.3733472233333333,26.7454,5,59.773,229.182,0.00405
2025-05-28 16:52:29,39.44944348166667,-0.3733472233333333,26.7454,5,59.773,229.182,0.00405
2025-05-28 16:52:29,39.449443441166665,-0.37334718333333333,26.7157,5,58.9903,358.727,0.01215
2025-05-28 16:52:30,39.449443441166665,-0.37334718333333333,26.7157,5,58.9903,358.727,0.01215
2025-05-28 16:52:30,39.449443356,-0.37334730600000005,26.6971,5,59.3163,319.73,0.01257
2025-05-28 16:52:31,39.449443356,-0.37334730600000005,26.6971,5,59.3163,319.73,0.01257
2025-05-28 16:52:31,39.449443198333334,-0.3733473095,26.6531,5,59.6517,239.319,0.0145
2025-05-28 16:52:32,39.449443198333334,-0.3733473095,26.6531,5,59.6517,239.319,0.0145
2025-05-28 16:52:32,39.44944337916667,-0.37334732616666666,26.6312,5,59.7981,257.573,0.00184
2025-05-28 16:52:33,39.44944337916667,-0.37334732616666666,26.6312,5,59.7981,257.573,0.00184
2025-05-28 16:52:33,39.449443464666665,-0.3733476723333334,26.618,5,59.5208,191.492,0.00534
2025-05-28 16:52:34,39.449443464666665,-0.3733476723333334,26.618,5,59.5208,191.492,0.00534
2025-05-28 16:52:34,39.44944333483333,-0.37334765950000004,26.589,5,59.1518,254.878,0.00457
2025-05-28 16:52:35,39.44944333483333,-0.37334765950000004,26.589,5,59.1518,254.878,0.00457
2025-05-28 16:52:35,39.449443478166664,-0.37334747733333334,26.5513,5,59.4133,24.361,0.0316
2025-05-28 16:52:36,39.449443478166664,-0.37334747733333334,26.5513,5,59.4133,24.361,0.0316
2025-05-28 16:52:36,39.449443233,-0.37334742683333333,26.5222,5,58.5969,45.375,0.01495
2025-05-28 16:52:37,39.449443233,-0.37334742683333333,26.5222,5,58.5969,45.375,0.01495
2025-05-28 16:52:37,39.44944335416667,-0.37334693133333335,26.4609,5,59.612,184.806,0.02813
2025-05-28 16:52:38,39.44944335416667,-0.37334693133333335,26.4609,5,59.612,184.806,0.02813
2025-05-28 16:52:38,39.44944356533333,-0.3733467035,26.4247,5,59.1398,193.439,0.0213
2025-05-28 16:52:39,39.44944356533333,-0.3733467035,26.4247,5,59.1398,193.439,0.0213
2025-05-28 16:52:39,39.449443409,-0.3733465551666667,26.3939,5,58.7245,174.634,0.01375
2025-05-28 16:52:40,39.449443409,-0.3733465551666667,26.3939,5,58.7245,174.634,0.01375
2025-05-28 16:52:40,39.44944334783333,-0.3733466066666667,26.3673,5,58.2315,193.468,0.01513
2025-05-28 16:52:41,39.44944334783333,-0.3733466066666667,26.3673,5,58.2315,193.468,0.01513
2025-05-28 16:52:41,39.44944322733333,-0.3733464115,26.3185,5,58.6166,207.444,0.01492
2025-05-28 16:52:42,39.44944322733333,-0.3733464115,26.3185,5,58.6166,207.444,0.01492
2025-05-28 16:52:42,39.44944326666667,-0.373346397,26.2886,5,57.9246,195.286,0.01662
2025-05-28 16:52:43,39.44944326666667,-0.373346397,26.2886,5,57.9246,195.286,0.01662
2025-05-28 16:52:43,39.44944311383333,-0.37334607766666666,26.2556,5,59.0753,175.067,0.00197
2025-05-28 16:52:44,39.44944311383333,-0.37334607766666666,26.2556,5,59.0753,175.067,0.00197
2025-05-28 16:52:44,39.4494428955,-0.3733457213333333,26.2134,5,58.5715,139.769,0.01004
2025-05-28 16:52:45,39.4494428955,-0.3733457213333333,26.2134,5,58.5715,139.769,0.01004
2025-05-28 16:52:45,39.44944292066667,-0.3733453053333333,26.1756,5,59.1992,97.859,0.01621
2025-05-28 16:52:46,39.44944292066667,-0.3733453053333333,26.1756,5,59.1992,97.859,0.01621
2025-05-28 16:52:46,39.44944286616666,-0.3733449703333333,26.1336,5,58.5547,103.936,0.01773
2025-05-28 16:52:47,39.44944286616666,-0.3733449703333333,26.1336,5,58.5547,103.936,0.01773
2025-05-28 16:52:47,39.449442662,-0.3733446421666667,26.098,5,57.3168,124.476,0.01876
2025-05-28 16:52:48,39.449442662,-0.3733446421666667,26.098,5,57.3168,124.476,0.01876
2025-05-28 16:52:48,39.449442715833335,-0.3733444208333333,26.0659,5,58.777,153.908,0.01432
2025-05-28 16:52:49,39.449442715833335,-0.3733444208333333,26.0659,5,58.777,153.908,0.01432
2025-05-28 16:52:49,39.449442672,-0.3733440628333333,26.0221,5,58.4594,182.01,0.01779
2025-05-28 16:52:50,39.449442672,-0.3733440628333333,26.0221,5,58.4594,182.01,0.01779
2025-05-28 16:52:50,39.44944277383333,-0.3733438315,25.991,5,58.7804,176.624,0.01244
2025-05-28 16:52:51,39.44944277383333,-0.3733438315,25.991,5,58.7804,176.624,0.01244
2025-05-28 16:52:51,39.449442618,-0.37334366783333334,25.9656,5,58.3464,189.27,0.01551
2025-05-28 16:52:52,39.449442618,-0.37334366783333334,25.9656,5,58.3464,189.27,0.01551
2025-05-28 16:52:52,39.4494426,-0.37334375633333333,25.9456,5,58.6943,191.612,0.01467
2025-05-28 16:52:53,39.4494426,-0.37334375633333333,25.9456,5,58.6943,191.612,0.01467
2025-05-28 16:52:53,39.44944263116667,-0.373343759,25.951,5,58.4842,198.386,0.01394
2025-05-28 16:52:54,39.4494426575,-0.3733438318333333,25.9382,5,58.4613,231.153,0.0066
2025-05-28 16:52:54,39.4494426575,-0.3733438318333333,25.9382,5,58.4613,231.153,0.0066
2025-05-28 16:52:55,39.449442472166666,-0.37334372200000004,25.9157,5,58.1601,258.205,0.00551
2025-05-28 16:52:55,39.449442472166666,-0.37334372200000004,25.9157,5,58.1601,258.205,0.00551
2025-05-28 16:52:56,39.44944232966667,-0.3733435183333333,25.894,5,57.5883,254.492,0.0052
2025-05-28 16:52:56,39.44944232966667,-0.3733435183333333,25.894,5,57.5883,254.492,0.0052
2025-05-28 16:52:57,39.449442307,-0.37334344433333333,25.8745,5,58.1572,302.303,0.00548
2025-05-28 16:52:57,39.449442307,-0.37334344433333333,25.8745,5,58.1572,302.303,0.00548
2025-05-28 16:52:58,39.449442048,-0.373343251,25.84,5,58.6368,258.256,0.00308
2025-05-28 16:52:58,39.449442048,-0.373343251,25.84,5,58.6368,258.256,0.00308
2025-05-28 16:52:59,39.44944202733333,-0.373343117,25.8263,5,58.4933,198.21,0.00905
2025-05-28 16:52:59,39.44944202733333,-0.373343117,25.8263,5,58.4933,198.21,0.00905
2025-05-28 16:53:00,39.44944456383333,-0.3733499485,25.7503,2,58.0292,202.23,0.01229
2025-05-28 16:53:00,39.44944456383333,-0.3733499485,25.7503,2,58.0292,202.23,0.01229
2025-05-28 16:53:01,39.44944453666667,-0.3733499711666666,25.745,2,58.0073,197.248,0.01443
2025-05-28 16:53:01,39.44944453666667,-0.3733499711666666,25.745,2,58.0073,197.248,0.01443
2025-05-28 16:53:02,39.4494445425,-0.37334999983333333,25.7393,2,59.2074,329.544,0.00613
2025-05-28 16:53:02,39.4494445425,-0.37334999983333333,25.7393,2,59.2074,329.544,0.00613
2025-05-28 16:53:03,39.44944210516667,-0.373342944,25.7946,5,57.9198,6.205,0.02654
2025-05-28 16:53:03,39.44944210516667,-0.373342944,25.7946,5,57.9198,6.205,0.02654
2025-05-28 16:53:04,39.449441887,-0.37334296833333336,25.7712,5,58.7553,348.043,0.01402
2025-05-28 16:53:04,39.449441887,-0.37334296833333336,25.7712,5,58.7553,348.043,0.01402
2025-05-28 16:53:05,39.449441919,-0.3733429481666667,25.7594,5,58.1912,309.709,0.01249
2025-05-28 16:53:05,39.449441919,-0.3733429481666667,25.7594,5,58.1912,309.709,0.01249
2025-05-28 16:53:06,39.4494418005,-0.3733429211666667,25.7316,5,59.3083,344.972,0.01944
2025-05-28 16:53:06,39.4494418005,-0.3733429211666667,25.7316,5,59.3083,344.972,0.01944
2025-05-28 16:53:07,39.4494416285,-0.3733426638333333,25.7038,5,58.0964,334.144,0.017
2025-05-28 16:53:07,39.4494416285,-0.3733426638333333,25.7038,5,58.0964,334.144,0.017
2025-05-28 16:53:08,39.4494415605,-0.37334257083333333,25.6788,5,58.3817,350.518,0.01247
2025-05-28 16:53:08,39.4494415605,-0.37334257083333333,25.6788,5,58.3817,350.518,0.01247
2025-05-28 16:53:09,39.4494414615,-0.37334254683333334,25.6484,5,58.3921,332.591,0.0061
2025-05-28 16:53:09,39.4494414615,-0.37334254683333334,25.6484,5,58.3921,332.591,0.0061
2025-05-28 16:53:10,39.449441422166664,-0.37334245716666664,25.6297,5,58.7069,305.714,0.00515
2025-05-28 16:53:10,39.449441422166664,-0.37334245716666664,25.6297,5,58.7069,305.714,0.00515
2025-05-28 16:53:11,39.449441323833334,-0.3733421075,25.5986,5,58.1719,341.256,0.00812
2025-05-28 16:53:11,39.449441323833334,-0.3733421075,25.5986,5,58.1719,341.256,0.00812
2025-05-28 16:53:12,39.4494412215,-0.3733421731666667,25.5756,5,57.4221,21.108,0.00858
2025-05-28 16:53:12,39.4494412215,-0.3733421731666667,25.5756,5,57.4221,21.108,0.00858
2025-05-28 16:53:13,39.44944112533334,-0.37334207183333334,25.5422,5,58.7639,169.82,0.00447
2025-05-28 16:53:13,39.44944112533334,-0.37334207183333334,25.5422,5,58.7639,169.82,0.00447
2025-05-28 16:53:14,39.44944107333333,-0.37334194000000004,25.5294,5,59.2584,181.04,0.03359
2025-05-28 16:53:14,39.44944107333333,-0.37334194000000004,25.5294,5,59.2584,181.04,0.03359
2025-05-28 16:53:15,39.4494410645,-0.3733420015,25.4978,5,58.9554,185.479,0.01769
2025-05-28 16:53:15,39.4494410645,-0.3733420015,25.4978,5,58.9554,185.479,0.01769
2025-05-28 16:53:16,39.449440988,-0.3733418845,25.4779,5,59.7187,185.566,0.01382
2025-05-28 16:53:16,39.449440988,-0.3733418845,25.4779,5,59.7187,185.566,0.01382
2025-05-28 16:53:17,39.4494409675,-0.3733418325,25.47,5,58.6035,245.26,0.00453
2025-05-28 16:53:17,39.4494409675,-0.3733418325,25.47,5,58.6035,245.26,0.00453
2025-05-28 16:53:18,39.44944085666667,-0.3733417085,25.4461,5,58.0934,320.548,0.01203
2025-05-28 16:53:18,39.44944085666667,-0.3733417085,25.4461,5,58.0934,320.548,0.01203
2025-05-28 16:53:19,39.449440703,-0.3733415955,25.4207,5,58.8035,321.846,0.01701
2025-05-28 16:53:19,39.449440703,-0.3733415955,25.4207,5,58.8035,321.846,0.01701
2025-05-28 16:53:20,39.449440933666665,-0.3733417546666667,25.4347,5,59.275,345.707,0.02619
2025-05-28 16:53:20,39.449440933666665,-0.3733417546666667,25.4347,5,59.275,345.707,0.02619
2025-05-28 16:53:21,39.449440919666664,-0.37334188016666664,25.4309,5,58.7044,333.947,0.02222
2025-05-28 16:53:21,39.449440919666664,-0.37334188016666664,25.4309,5,58.7044,333.947,0.02222
2025-05-28 16:53:22,39.449440732333336,-0.37334174333333336,25.4121,5,58.8406,321.598,0.01383
2025-05-28 16:53:22,39.449440732333336,-0.37334174333333336,25.4121,5,58.8406,321.598,0.01383
2025-05-28 16:53:23,39.44944076983333,-0.3733416176666667,25.4,5,57.9998,309.989,0.01279
2025-05-28 16:53:23,39.44944076983333,-0.3733416176666667,25.4,5,57.9998,309.989,0.01279
2025-05-28 16:53:24,39.449440677333335,-0.37334141216666666,25.3705,5,59.6394,301.562,0.01203
2025-05-28 16:53:24,39.449440677333335,-0.37334141216666666,25.3705,5,59.6394,301.562,0.01203
2025-05-28 16:53:25,39.449440643833334,-0.37334134783333334,25.3524,5,59.1883,278.363,0.01214
2025-05-28 16:53:25,39.449440643833334,-0.37334134783333334,25.3524,5,59.1883,278.363,0.01214
2025-05-28 16:53:26,39.4494405735,-0.3733413165,25.3467,5,58.847,287.791,0.01491
2025-05-28 16:53:26,39.4494405735,-0.3733413165,25.3467,5,58.847,287.791,0.01491
2025-05-28 16:53:27,39.44944066033333,-0.37334134333333335,25.333,5,59.2684,299.182,0.01831
2025-05-28 16:53:27,39.44944066033333,-0.37334134333333335,25.333,5,59.2684,299.182,0.01831
2025-05-28 16:53:28,39.44944065766666,-0.37334131633333334,25.3265,5,58.1376,276.788,0.01595
2025-05-28 16:53:28,39.44944065766666,-0.37334131633333334,25.3265,5,58.1376,276.788,0.01595
2025-05-28 16:53:29,39.449440650666666,-0.3733411723333333,25.3099,5,59.5042,292.83,0.01283
2025-05-28 16:53:29,39.449440650666666,-0.3733411723333333,25.3099,5,59.5042,292.83,0.01283
2025-05-28 16:53:30,39.4494406085,-0.37334110783333335,25.2908,5,58.6722,268.941,0.0054
2025-05-28 16:53:30,39.4494406085,-0.37334110783333335,25.2908,5,58.6722,268.941,0.0054
2025-05-28 16:53:31,39.44944059433333,-0.37334102533333335,25.2784,5,58.8449,247.561,0.00394
2025-05-28 16:53:31,39.44944059433333,-0.37334102533333335,25.2784,5,58.8449,247.561,0.00394
2025-05-28 16:53:32,39.449440477833335,-0.37334098250000003,25.2485,5,58.6909,284.893,0.0052
2025-05-28 16:53:32,39.449440477833335,-0.37334098250000003,25.2485,5,58.6909,284.893,0.0052
2025-05-28 16:53:33,39.449440406166666,-0.37334092916666667,25.24,5,58.7499,276.055,0.0073
2025-05-28 16:53:33,39.449440406166666,-0.37334092916666667,25.24,5,58.7499,276.055,0.0073
2025-05-28 16:53:34,39.44944051,-0.3733409793333333,25.2333,5,58.9778,318.843,0.00791
2025-05-28 16:53:34,39.44944051,-0.3733409793333333,25.2333,5,58.9778,318.843,0.00791
2025-05-28 16:53:35,39.449440473833334,-0.37334098,25.2185,5,58.5693,0.77,0.00693
2025-05-28 16:53:35,39.449440473833334,-0.37334098,25.2185,5,58.5693,0.77,0.00693
2025-05-28 16:53:36,39.44944054416667,-0.3733410915,25.2149,5,58.2298,311.058,0.02592
2025-05-28 16:53:36,39.44944054416667,-0.3733410915,25.2149,5,58.2298,311.058,0.02592
2025-05-28 16:53:37,39.449440475,-0.3733410226666667,25.2015,5,58.8408,304.08,0.01764
2025-05-28 16:53:37,39.449440475,-0.3733410226666667,25.2015,5,58.8408,304.08,0.01764
2025-05-28 16:53:38,39.44944037733333,-0.3733408253333333,25.1774,5,59.2551,305.285,0.0163
2025-05-28 16:53:38,39.44944037733333,-0.3733408253333333,25.1774,5,59.2551,305.285,0.0163
2025-05-28 16:53:39,39.44944047966667,-0.3733408153333333,25.1865,5,58.1483,299.053,0.00574
2025-05-28 16:53:39,39.44944047966667,-0.3733408153333333,25.1865,5,58.1483,299.053,0.00574
2025-05-28 16:53:40,39.4494404145,-0.3733407476666667,25.1762,5,58.1532,283.152,0.00631
2025-05-28 16:53:40,39.4494404145,-0.3733407476666667,25.1762,5,58.1532,283.152,0.00631
2025-05-28 16:53:41,39.449440472,-0.373340766,25.1623,5,58.1677,260.436,0.00739
2025-05-28 16:53:41,39.449440472,-0.373340766,25.1623,5,58.1677,260.436,0.00739
2025-05-28 16:53:42,39.44944056533333,-0.3733406841666667,25.1621,5,59.1625,251.919,0.00735
2025-05-28 16:53:42,39.44944056533333,-0.3733406841666667,25.1621,5,59.1625,251.919,0.00735
2025-05-28 16:53:43,39.4494405175,-0.3733405845,25.1569,5,58.1953,246.58,0.00726
2025-05-28 16:53:43,39.4494405175,-0.3733405845,25.1569,5,58.1953,246.58,0.00726
2025-05-28 16:53:44,39.44944037883333,-0.37334051783333333,25.1411,5,58.2719,206.501,0.00823
2025-05-28 16:53:44,39.44944037883333,-0.37334051783333333,25.1411,5,58.2719,206.501,0.00823
2025-05-28 16:53:45,39.44944049683333,-0.37334044800000005,25.1385,5,58.6141,235.505,0.00388
2025-05-28 16:53:45,39.44944049683333,-0.37334044800000005,25.1385,5,58.6141,235.505,0.00388
2025-05-28 16:53:46,39.449440461,-0.3733404178333333,25.1348,5,58.6721,203.577,0.00472
2025-05-28 16:53:46,39.449440461,-0.3733404178333333,25.1348,5,58.6721,203.577,0.00472
2025-05-28 16:53:47,39.44944050833333,-0.37334034283333334,25.1265,5,57.8893,189.466,0.01324
2025-05-28 16:53:47,39.44944050833333,-0.37334034283333334,25.1265,5,57.8893,189.466,0.01324
2025-05-28 16:53:48,39.449440537166666,-0.3733402463333333,25.1192,5,58.27,232.292,0.01021
2025-05-28 16:53:48,39.449440537166666,-0.3733402463333333,25.1192,5,58.27,232.292,0.01021
2025-05-28 16:53:49,39.449440505,-0.3733401655,25.1064,5,58.5486,265.798,0.00915
2025-05-28 16:53:49,39.449440505,-0.3733401655,25.1064,5,58.5486,265.798,0.00915
2025-05-28 16:53:50,39.44944033716666,-0.3733399543333333,25.0965,5,57.594,214.063,0.01168
2025-05-28 16:53:50,39.44944033716666,-0.3733399543333333,25.0965,5,57.594,214.063,0.01168
